{"cameraMode":{"drawMode":0,"name":"Shaded","section":"Shading Mode"},"sceneLighting":false,"audioPlay":false,"sceneViewState":{"m_AlwaysRefresh":false,"showFog":true,"showSkybox":false,"showFlares":true,"showImageEffects":true,"showParticleSystems":true,"showVisualEffectGraphs":true,"m_FxEnabled":true},"in2DMode":false,"pivot":{"x":-83.9520034790039,"y":-15.962626457214356,"z":-62.074676513671878},"rotation":{"x":-0.0010216805385425687,"y":0.9838294386863709,"z":-0.17902697622776032,"w":-0.005611445754766464},"size":0.35809043049812319,"orthographic":true}