{"cameraMode":{"drawMode":0,"name":"Shaded","section":"Shading Mode"},"sceneLighting":true,"audioPlay":false,"sceneViewState":{"m_AlwaysRefresh":false,"showFog":true,"showSkybox":true,"showFlares":true,"showImageEffects":true,"showParticleSystems":true,"showVisualEffectGraphs":true,"m_FxEnabled":true},"in2DMode":false,"pivot":{"x":2.4719488620758058,"y":5.3267130851745609,"z":-33.235267639160159},"rotation":{"x":-0.13743166625499726,"y":0.816207230091095,"z":-0.21669131517410279,"w":-0.5176566243171692},"size":1.5141817331314088,"orthographic":true}