{"cameraMode":{"drawMode":0,"name":"Shaded","section":"Shading Mode"},"sceneLighting":true,"audioPlay":false,"sceneViewState":{"m_AlwaysRefresh":false,"showFog":true,"showSkybox":true,"showFlares":true,"showImageEffects":true,"showParticleSystems":true,"showVisualEffectGraphs":true,"m_FxEnabled":true},"in2DMode":false,"pivot":{"x":-0.09899911284446717,"y":1.3170642852783204,"z":0.9762845039367676},"rotation":{"x":-0.26288533210754397,"y":0.19571977853775025,"z":-0.05454827472567558,"w":-0.9432331323623657},"size":1.238582968711853,"orthographic":true}