{"cameraMode":{"drawMode":0,"name":"Shaded","section":"Shading Mode"},"sceneLighting":true,"audioPlay":false,"sceneViewState":{"m_AlwaysRefresh":false,"showFog":true,"showSkybox":true,"showFlares":true,"showImageEffects":true,"showParticleSystems":true,"showVisualEffectGraphs":true,"m_FxEnabled":true},"in2DMode":false,"pivot":{"x":-0.377792090177536,"y":1.295900583267212,"z":0.4523301124572754},"rotation":{"x":-0.12586736679077149,"y":0.26043689250946047,"z":-0.03426748141646385,"w":-0.9567235112190247},"size":1.0532898902893067,"orthographic":true}