{"cameraMode":{"drawMode":0,"name":"Shaded","section":"Shading Mode"},"sceneLighting":true,"audioPlay":false,"sceneViewState":{"m_AlwaysRefresh":false,"showFog":true,"showSkybox":true,"showFlares":true,"showImageEffects":true,"showParticleSystems":true,"showVisualEffectGraphs":true,"m_FxEnabled":true},"in2DMode":false,"pivot":{"x":-8.885132789611817,"y":6.736830234527588,"z":-26.300724029541017},"rotation":{"x":-0.0010216805385425687,"y":0.9838294386863709,"z":-0.17902697622776032,"w":-0.005611445754766464},"size":15.135942459106446,"orthographic":true}