{"cameraMode":{"drawMode":0,"name":"Shaded","section":"Shading Mode"},"sceneLighting":true,"audioPlay":false,"sceneViewState":{"m_AlwaysRefresh":false,"showFog":true,"showSkybox":true,"showFlares":true,"showImageEffects":true,"showParticleSystems":true,"showVisualEffectGraphs":true,"m_FxEnabled":true},"in2DMode":false,"pivot":{"x":-3.3583028316497804,"y":1.1265639066696168,"z":-35.15005111694336},"rotation":{"x":-0.0009638473857194185,"y":-0.998766303062439,"z":0.045284900814294818,"w":-0.021000759676098825},"size":1.6600894927978516,"orthographic":false}